Wallet Address,Token ID,Amount
0x0e1a8d167e32dcc86cc6f68a8f59209baeda201d,915,5
0x15abd0a6d8e0e832e29a45e070935cfe35191ada,987,9
0xe16ff48c3aebc6df79fb5c427fce3c01349cbdcc,722,7
0x9289d0873e5fe380ef738d0e20eba8e470158182,36,4
0x2d11c118bf9d809061b8d24ac672709d7b7067d7,16,9
0x21a605477c0797c4a5c1f576535cae3ab4076102,670,2
0x58cf3f1a436267890265da3dd3d24a21cf265087,45,4
0x8af756b1c61b18f322da9f9cd32683857b3d63ed,736,1
0x2201fc60693f95b8bb10cd8b8e4e969a18e4f922,974,9
0xad51f290611141803f7929900ea7025e91f58d6f,931,6
0xf797bf04e3e85bdb4303554bf542474056a03fc2,684,8
0xba92003dce0e26398fd667217c7b1d0f037e2ba8,748,1
0x171ec00010dead3420b6fded514534384030ffa0,501,5
0xc225d65eb50273297e959fb99e3fa71ecca606af,906,9
0x07542417533ac71d81c897098b34203bde657cdc,723,3
0x0b2768d7bb6cf13374b4b21599847eb1fae01438,381,5
0xe81fd586898fb7ffa630dfe903ed1223a07d594a,540,5
0x295ba878d56623c8e7817fe020199e11916ec430,628,9
0xe950e0db8924d9fa04f7ff6c9a94a4b6ac7f3e1d,956,10
0x2081f7cabd071c3a59e4d7ce75b9e8639cdaa07d,711,8
0xf60d69c4a14796737e395ede38e8367af7f3fd80,358,1
0x4763b8396c82168c0aa3f3dbd0895302056f8873,757,4
0x9d2084ee2be877bd851551c23665c6fcb0f93b40,166,1
0xa3c963c7403ef257594d506562d7cef1185cbddb,45,6
0x8b2889b65dd3f5683b7cc74ad9ccb4e7f16cc89e,793,7
0x583eba894c46e16b4b1312fee3aee2287632a706,143,5
0x8c9e6504887f74d8c64e8b26c2fe609b2de23ba3,258,9
0xb414b5c71a49e847befe6bf59ab2850897e8ca68,337,5
0xf16b8042acc8f1e4c511dcca77f042bcade6de2b,876,2
0x88c447e5c06c0b4c942d6b611e954c17130868b0,858,10
0x6281f777c032ccc51d0523b2be3bd28fdad5ef12,474,8
0x78285fd115bae75ee667926967c3b88a674a2921,77,4
0xc05afb26c58faad0b73c7064229ca55c4913b052,212,5
0xd470444b49dd9eb4caf91f1e9c859985bad3573a,461,3
0x479dd7039a18bf3364bfca13381e3040e1e4a770,361,4
0x8b269ec1d0656044a822bf206d7eca390e412a81,738,2
0x5d9c2e3cf056fd00d1602165546c9333b89c79f6,738,9
0xf2c256f165f6729829efc3a1982ef61d1c3be77e,532,5
0x47ce02ac7e71f442003bca4ca6e60a06aa95e2a4,372,2
0x8da9056eb1a2ea4300200b08e905a2df5c1f1335,693,2
0xb80d349df696618b12af6eedda1cd34e1a671316,828,8
0x446495203a51e8db3fece107080f5a7f5f15b926,372,8
0x6ba9107bf81df24a4b2bd0604b8b4c04e9e05f41,154,7
0xc8fb5ca91c205a5beddf2b0486a57985db9a9fe4,529,9
0x39f1c8a856e1eb6e219fdff86b67c65279dc00a6,859,6
0x7755edbc4737c010b7b6c48b0e2df4935c7fe0ab,728,1
0x6b8221c2f25565ca41ea37185abb6811e8ec5cc0,957,5
0xcb8a0f4942af4d2085553ef2068c05e1c5ed430e,594,9
0x40a5e046a73a75c82e99e23d3c8d8765f3168ef5,353,9
0xeaed9d6830264161e9a29fee814ad833bce27a6a,32,1
0xe6ec56454186f7cc9b190dadddbbc7f047a2d940,508,3
0xd5bcff775f8bc8a1360fe04314b8cae42717fc38,84,3
0x12998f1f12981e76ae5d1139b3a0850229956620,469,1
0xb3a77dec7fdba5a5ad02a3fbe79e2e0a6020e051,651,8
0x567181c8d542bbe51e02e4ded75bc03af1a450bc,266,4
0xee30b162bc6ea269a6552659ef57c0d6e49abfbe,539,1
0xf9a77800dc2d53732a0c5b36dc7e62bcc961c995,191,5
0x2213877dc0bd92824b0ace05133daf0097ebcbd9,316,4
0x1cbd30853a7b76448ab85478b855436aca90da10,256,3
0x645f57b65e0cb46d3d70ebb2b1189ea72f05a4ed,211,3
0xc3f1cf41675c3a92a984f283f4c4906868734b06,589,9
0x4a6eb64ac60b6ebe85b40ea65e823ea920cdef4c,536,9
0xf6a4745f84f832acfd2fdd3680bdbf2a2f4a16ff,736,7
0xd84ee88472dd90c6253ad674a564c2c90a2959bb,184,9
0x3c40eb4b991bcca6bd6c5e5cde6665f1a4e8da28,520,7
0x00639d23031b73bb3b02a2b3ede3c0789b327d62,997,1
0x44ac57146b0269f07dda4de109c84a84fbe401eb,986,3
0x62680d98dce7eab81b82028e960a40487c65565e,939,10
0x90f6f8f4eb48231f34f8608c6b068ea73bce6c25,680,5
0x5809288846ae9a7e9a05c0ed9ee8b93bb3cecd60,242,8
0xaede97ba969c5029dbcce5d060e8d30734c94d1b,195,3
0x360e614b4a6c1eedc0341321a4dc9d5a352e21d5,553,5
0xadf2fde24bf0bb58411ea0c07cd216ce9d4a4992,614,4
0x62d0a95879873b9d43e66b31c87719047e1665c6,222,6
0x8d47da98647adafe73c20d2e8a89d07ee462749f,852,7
0x871e785791580c66fab2733d5a2a07052d88073c,580,7
0x307521c1f8507e11d5d9273c8a813ddee27564d0,669,1
0x39ed7f340890e032bb4e19b002053613b429fc41,660,6
0x409acb610e359f74b60b1c1ca170836a912c2868,613,7
0x4cc2b08a9010d4573ab0b421d8aab389e739ad37,888,6
0x6fcb2866354c07c8ffa7fdf3223139dac6f67738,498,1
0xa1e2a39228fa461782fc9d233da6a43571494718,77,7
0xcd5b03c22ae64e346fd42e8c5ae438a52b0ebfd8,712,6
0xf691d12e0b26c15db17a3cfa9292d5ab4f5797c6,83,10
0x20f4536e67038ba0600846cbec77c74d66157cab,364,3
0x254a5b616a15cfb755e0a557d611ce3b219bc92d,446,1
0x152d2edb5714a1e89e3b53b92bcb8ba2ed0099ee,621,9
0xac99f784f13d34492f073cba378a4e28a80b7213,574,7
0x2eec66a9ea988f0163c96d6ff8cdccb1ee839570,303,6
0xc4be7f03e170dbfcca6db34d76e6df56feff084e,418,5
0xd066d5738df369d5d12b0041142c620f9a450498,351,8
0x57eaf6b3a098d86c01e98465251579f482eb78fe,592,5
0xc1b5a14c44e7012c7866510a30cfa697a8f84a83,866,6
0x2fb8ae3703c7dc92f391a159dedefa7698695280,900,5
0xd0d70902a83d51163505f5fc98f560e64e0c0d06,139,3
0xa27791d3c1df7cfceff744d2142fc02333caef8c,49,7
0x13afb5ac0950f5d25d3cadf51a6bd809f7fa1683,324,8
0x13a1b70db9af9665c898af6d2262ef99a091b4ca,291,6
0x757b5cd85845ea71586718ac059aa9cf6a43f13d,785,6
0x20ec831c10a68f6863361d6382f2954ce5dd330b,688,1
0x58aa3a7785aaee90387e43fcf74f73e315038ee0,625,6
0xa2c0fa80c43245ab3cb21501b94f487b5269218a,792,4
0xeab9a72a954496c17ba945bf9aed81d78d1a959c,742,4
0x460be0ea4840942841b78c8a62ae45f5ae2f29ae,743,9
0x27cd49c69ec20b628d72cb8fefc8339765eccc7a,785,6
0x8431d2febe9bdc52b8dd2549972ab7aafba19def,37,3
0x5079f5e3c0bcaa421cfb42a1836bff6672023342,534,2
0x6aefe8419519b972affdcf22d0c4d552585db3df,55,9
0xa9cf044858afeb1ce24ee1a4de714bd854cfd615,277,8
0x564ac3d3a1f1588c13983c7934cd16c841dbdf5e,425,10
0x6c3b98023ed457e41e526072db5d208180af2b25,631,8
0xe322aaaa220266656f0424ba6a7f6eca642f5cce,733,7
0xb99d852dd053c44b1b23b31f4e72559b7f8c8723,972,10
0x8ba2990e549847a78e2155181dca95a6865e03a6,909,10
0x514a21187741990627c7ce0c8a6c2cdddef1bb76,315,10
0x2ee4d957f7994d2a57fca0fa6832194b75cee469,465,3
0xfaa369b44fd8f4c314b84218e004fdd36084fd8f,907,5
0x57817f28699e6666ff21e390f7d5930be79ea12c,839,9
0x997980dc39076b63fe0e58ccc1f331f97b9c8514,411,4
0x4d180017602dae39943c5b67a6a3b6f045731d59,739,10
0x02199545b4c61d67b3cc22185695cf3ae2ce43f1,319,9
0x2666a6802b8cd26ef0bfae066770938c29ee7b77,493,7
0x2ef3692939296bfafdc8cd2166bf44da12320677,359,5
0xc065e87e4e9596d32887d1a90662dbb2af3a2ae2,691,4
0x831b764ac47f63f773bdea9a9324899ccf8f04cf,775,2
0xcb09baee5faec9a11b59dff900ea2d3872747bf3,889,9
0xc233786087ac784014396afc856de7b2bff6c21b,196,4
0xc1f6cc48850e59330a4075f6e546a1d4621c2c49,150,3
0x517eb115244f7d3b4d3d5009ef98f1698bbaecba,717,3
0x2e3f9754614e1ca2297eb78ddc548e2b5c93feb3,698,10
0xd4ca1dc2030322d34eced49bf88fd773fb382250,605,6
0x3b66aca80d56ce0ddbf5a9566aa015329908fc73,512,9
0x54c573623d55f958fba53bda17908c1c3c0fcf88,677,3
0xee100bbf2de9c9f9e65b9f7a0732d5763299522c,774,5
0x00d60a419e78a3e165b0e63403175b0877621439,170,1
0xab1e81dad01cf63b8419dce7be84dd447894f29e,539,10
0x3c89fc0802dfd84230e56f1861a0edee45ad69d0,942,8
0x36fa82205bc53d3de5b8dfe57d8fb5380a82e4b6,506,8
0x23c0577ecb941092f5592437a5071d52bdabf0cf,531,4
0xc135da136e7f457d81d5b009af43c7cc55e81e09,870,5
0x7cd114bdbf990b1fddc1d62f225bfb1adc75b5b8,760,2
0x6d1fd2c3b528c5c340e5c96332d865db83187b08,641,10
0xa30def99c18cbc6f7c2d5e23ae9e7c86fac0bd28,622,10
0x14821a342f72e8e3bd4d96145cd8d2e13ce49b27,476,4
0xe964a45dfcbc36639cca06e01d6e2f447ee33c38,190,2
0x43a1bea8f6528bc3cb481152fa9ab2d8561942c6,955,9
0x0246876024f918350c545040ea2271f837c16453,216,9
0xcba381a1ac85ca3a1e18411279137ceb47f3483a,231,8
0x428071a03da353a5228d8c01294a262a95a1b85a,879,9
0x6373f319bf364406bbf3ba4b3e0b8836d171b143,786,4
0x1dea870d205752f8d08d34e3fa79f9f65e002118,841,9
0x7f055cbe0f39ca5ddfc2c9864e361db6831dc2b6,264,9
0x1f71b486d8c91fb10b0fb0c6187d6a585430a257,31,3
0x10ac19dc3ae9c284e963a95134ae03de273412d1,386,5
0xf86c3aacf3216de019cf3a68a8693c56730882f0,838,1
0x3c330fa983503d2f5895db80fddcf0ee9ca4e6a2,255,6
0xf81ab595a59aa7f96c9e753fdbb1d78e0117e414,920,2
0x19ab44e2657bc159ed234280e896ca2b9520b164,319,10
0xf4807367da987ffd6a015bdf4780be998ad24d87,664,1
0x7eb0b2781557674ace9a11c6b23b241d1d293835,739,8
0x803acbe7a660f2f0ffc4321d5b313a5516067f57,368,7
0xa64adc5911f6d751034c02e6bdcc1850eaba6ee0,985,1
0x772d3e28555f3cb619fb0b47d7236386aa5478d0,769,3
0x647ac133767a1654998b5f9466de3a53b40e74e0,542,2
0x6d9c1ea49544571d58688a5a351f47c0b9ffec08,26,6
0xcda6cbd9a43ae3b3a2fb1c5786d74c102fb77659,93,9
0x52504db84841c8cd982adaf89ce8e91757ed17c4,909,1
0xe4bd5442fddf6acc026d5e7283423ca70291d680,11,3
0x5cbbbb1f534aea3ccf3a152a414c3602648aea4c,909,1
0xefe9410938452ee78cb0b340398059390d97936b,565,7
0x314eb0a9a499a0eb213bb325b4fd47597548554f,20,6
0xc3458bbced049bd3987dcec18512d571d471f404,963,3
0xb129d3dc00bb5e7494bd5a1f80eca6659e56eb13,830,2
0xe2251050206b707d540cc7ba3348849e8ece8949,464,2
0x8969cae1d5039d97ac128034a92f7fa4010538a1,776,2
0xeab1918c20c0e1cc19f4453ccb812f17f3ba0bbe,951,3
0xe05d2e083bdf9962ff535e490bf50e159d2d56f4,134,5
0x8a6a25146cc69f28004278530d66e4fbe792e463,703,9
0x60cf880a6b7cb29931d51bcd2e9e7b2eaa786453,284,9
0xed114b9250ee26a0130b42b83d5148b4578088a5,750,10
0x7cc95b9cd67810129d6e52baf011573c8654c6ed,8,6
0xe0d53b8d77235afffd234841c2089735109bdae3,595,9
0x7447955a4926b5b469dee2325e1d8f25e5f37c4b,64,8
0x07e75f8703506e2d56b44c80ed94da22ca973817,316,4
0xde79f301c099ab065030152a70fe9fcf08bdae68,496,6
0x99c6eb64b15d6253bbbcda624dd9fbc303225e2a,140,6
0x3f31790468967c2870a10520b57c249131d2d5df,15,10
0x62124fe00071ad127db2bb7617c4d5b38f4858cd,427,3
0xb1b7ab9d355770da00ce6b5a09940dfb732b9376,822,1
0xc374f3aef9bb15b7c2fed24c8f4d25cc224bb84e,357,5
0x9b2e5ef48577bb2bd02e3508d45f7bfd48257a02,14,8
0x08e7cdae44f8aa988b5c16586e3374906963cf0d,502,3
0x9173dc0370c56a275a317da3ad3228fbf2b508be,550,3
0x6d37591d35b06e483be1df177cc6f127ae974c32,728,7
0x29b67db4fb36afdee9adae6dddeaf7dc0a2d3a4f,240,4
0x2825903511e11b59ca14a81dededcb6d91699708,999,10
0xb956894753caf24a198ba96e99f6efb92c56aa85,573,7
0xea9c19a11eb40036df01d3824ecc46fa7c1e261a,158,2
0x751e4ea707d83f71fc956d9a7f7ebfe563bab79c,387,9
0xa2ca01a20013f4794268b9a5184f3f1a2decef7d,491,7
0x24382c6510f77d4961ba199543c29343e5a530f8,223,2
0xefef0155951fed25e47227cae6ff18ef5b64ce4c,968,6
0x28a2f8eaa7f3d5e8fe1195387cdfe879047d7e0b,191,1
0x71d94ba7453c73fa849715ec0a6ccbcc07beed5c,294,10
0xdae056111c02cff34045c5ea23168c8359a23142,403,5
0xe8a2e1cff7397e2498bb9e5c2ccc40d5ec66d687,10,5
0x2c51e6078d6095ab01362edee1c7e63b5debf348,853,2
0x94c771aceb8d0fe03f6917e679de2573e52f8417,633,9
0x350c1666b4901a17706c4ddf0f1a6159826a243d,534,7
0x0f4e6fe19c6c6b4a260f0ec9869cc4212a9676a5,103,2
0x9a0d83a5ec4a0100e0f044fc7a31f759a4356005,475,6
0x92de1159066c2fce7e406b277176e070f51566e7,490,6
0xc1185848b7ebe321778e9bf15b4e332651c4abaf,394,6
0xe7d154826ff6a8e89153609594ac59bb3f942b81,627,6
0x256526d3056b4396d61b68accbe26efd3844c8ed,269,2
0x709e355e448d04ac984af851557038ab36dc994b,440,2
0x5edc7f10802dd77c3bfa76ab6ee6797bc9bb99cd,435,3
0x701ccfae011ea3b308b24ab85d9f38edefa9029d,507,7
0xf2af4bf51bb07b51a9aace5bf4914b00d54d69aa,80,7
0x1854eab378a62cf23b15c9dad96eadc5cdde37d4,154,6
0x9c2015b1dc5246dd91fa543b91777c1220aa60e7,439,9
0x2d1b657352ce8112b1e95e075fd59e2a28da60a8,336,9
0xbc3dcdf68a29bbedd666ed0d3e1ba06df0031502,77,4
0x5f077681a182c561781e4425c9e8e791ccda96e7,107,9
0x52dc158c0d393ad7ca68e0d0aaf91124e8c8f873,977,9
0xab1fcc78764bbea390f17aa509c79bf77a90a599,152,3
0x48fb6acf04734fd3d4ddf484893cef7e63ba255d,884,3
0x52b6be516f26105c397abad42800f130a4d19f59,637,8
0x1c172a24c3181d3b1bbff35472a4608b51dc0abc,257,4
0x798dde66d16f11a99b20046f47356f0684ce2818,934,4
0xaf08e1805a2747bab45e4c5379b4625138550e7a,289,8
0xd335ccbb0ff9da95d05a12bde3d02ff7730347a8,169,3
0xf6f5003e25000ecefe53ee967073aa852d477579,852,7
0x36ddce59c602c19305cab1db524b4d9c3b3411c4,947,3
0x559b716fd647cc03cf31c3c9d54bb296663843a4,654,6
0xe733f925e0eec8b56e4e1dcb521cebe92e9f10a8,415,6
0xe2203fa0bf526c92abb0f552ae3e25d78543378d,280,7
0x38405c6c7f2a4eb0218355bfec57a1be7e938fd1,669,6
0x656b8b718b13117f10807d5b7ebc223272b49be0,256,6
0x7a983cf0b5556d3daa98c4c5ce03306c0e02b023,879,4
0x9c8ef7cc4ed6ba99b8d2b24493cf5a1e4248154a,168,10
0x03325046acdfed986c6ce127ff8aaa546f2d4b88,875,9
0x22f91df1ac42e0f7d5c60adbac66ce0af745e4d4,459,5
0xf08d39aef53fa19e6357cd1629b65770b911ab0c,597,7
0xf42a654e001071e0acec9271998b0e8dda93223e,608,7
0xaef224fc24da2b5898ffaf2f1fadb972c7c6cf70,112,2
0x92fd557a471ac14794a6a590ccfd809c2335f00e,978,10
0x1acc9a3e83381a670c7307da065a56a3d43bb0e8,955,5
0x6cedb6cd12e80b5dfe544ec3b723fb3620ed8e89,434,9
0x32e4c1bd323121703e23660bb23e7739546f922f,726,1
0x2534ab50372650833118df23ace90dbf2e2538f3,287,6
0x1b195564c2e93a94570faab008c61350abe8c36e,341,9
0xc17850befa931baa314a8afba1ebcda4f1ba257a,50,2
0xfa3aef6c6a9e7c62c35ae34fe8205382200a8428,976,6
0x63fc341b418a555b4c6c9f38f4e4d05800706341,517,6
0x29481892574d2becef233984eafa6826d9e07cbe,736,4
0x4ca59bf17430aed273b6191cc4661e80be1506c1,428,3
0x01db75a080e20cd540949bfd84ca6b366c5e25ce,311,4
0x18659550821515882145c478840a40e9af872d67,404,2
0x580b87f91856b071b5da2fae78becba78d4e21df,495,2
0xaf9067ee43f55878b1693422294b1860d5e03797,943,7
0x48c72b3896b130fc1fa2e8781cfd1ffafb1f07b5,397,10
0x9277f2993fe50467df72722e00b8dc6c8ca4dcd7,140,5
0x0489c60abaa781b6c2fe633c81c2e604bcb1c445,92,4
0x1de2be8bb26929084c5a1d0aec5f24a3a50e77fb,169,2
0xef3728aa19298bdb995609739a8f55cc2866b330,39,3
0x2a55e449d3d39b2c8140d6bb1817baa21ff17bd3,970,3
0xf63b2f70842d5af840feac892b418854f1576964,251,3
0xacc7d7c9a918aeed499efa60ee83befd05244ee5,302,7
0x003daa6a2f22056da3d78205641023c3a4c9cb3c,746,2
0xbe9c3448fd56463c6e61fcc95929f245eb1f496d,816,1
0xf8a4174d159c90e7dad66888bc245d2b5e8242a2,162,6
0x3ccd21b9bdf508e69f169249f62a20cafb86a3d7,396,2
0x35578138479fa3ec8cbed07edff1c71b54af073d,602,8
0xfee6b9643bccc258a2f60ba4277e5a3d90416893,636,2
0x1785f3c47937f25d8b81c25d4971769fe6c9735d,896,1
0x556263589cce636721ceb37912b9a9ae61ad59c2,930,4
0xcc2f50ff7fcca5af4df842484aede6edae5f53f5,423,1
0xd7e93e4a65b70738a2637cba6766f395798332b4,367,6
0xb660cb4a8ac40d07eef9357c16f67cdc68458236,345,10
0x70bd172aebb6fe835d776f1432a5a8f6cabfac81,100,8
0x0038fe0de87df49c384c8c5ca3144003065de0a3,244,10
0x7d7e9247529158cba578fd1b454594a2ef582148,112,7
0x7c445cd1a359d6a5ff4238ed62ead30380cae9c0,806,9
0x0ef54f38a62bc1cad9838df1a48fc1379af25bea,545,6
0xedafcd3b661f53c5ff75ef78a42297b9a7a3da54,840,9
0xbf95f4341a42489f11e45c169635c1f62e135380,582,5
0x07d89b3b8bd1522a79c1c40d2cf64f3a858fb91c,997,6
0xeeaa0379bfe28cbaac93247d20984175e3b7da03,157,3
0x4e5733272eb43596a9072a0df3210e5daac34f5a,509,9
0xe2aee1e3deee119c6ea199126ba7a33772504749,225,2
0x7c8d67fee99b5f523252436ee222d3d4cb643fd9,13,9
0x5d74e6f0ed9a88e36614a97f6d6b3a4fe3102084,971,1
0xd17a70822de61c9369333e83a272bede13259ae6,68,1
0x2c2664086ae7311be8892da26517f2d9ba9a1aae,474,10
0xb21a5298340682c520014dc3619717e06a2cff9b,282,3
0xf1e6f223075ed647065d35c55c2b7b173956c9fb,693,6
0xff60a1b97c3d9d67e41bf28737d0fbf5df0c2a80,788,7
0x92d65adfaf60998de0d71518d605c4c2c7f1d712,156,6
0xddf1cf5f044074ad7e0310b4337a3d4fbf4e898a,780,7
0x52506a57bea85755aa9249c7e15ddf45acc11805,23,5
0x0cd0cddd477a46deb6c0f6ec2dee70a961ad6fbd,974,4
0xcca0678a5bbb56a9d051332ce499e7ca18d0bca5,881,3
0x318d64bbbdce53a922af656a188d2fea4eca28d0,726,10
0xeb279ca6b50e98360f708aa3e17a3109ee0d3d7f,249,2
0x7bfbdd42a3d5f34f1cd74fb7bcd366a2913ec10c,864,6
0x52c2010f0d12ab791d6994f4ed4449cf4e93bc73,966,2
0xc99f1acdadfa9b8a94c2494e477ed8b41383541b,535,4
0xdf8283febb93f1dd4a2a29697744bc22b2e78ba0,644,7
0xb86ef0016547e2574eafc41a2cd913b97eacab89,861,8
0x84d252570a05a97fbab1988b2c61ca33dbbd545a,318,4
0xffe59178e15ea19fe4fc0158a89a1681a212787d,277,9
0x84843af0fc797fdb0809ecf129efd0595da5e5fc,142,6
0x9b9b76f5748a96e3251cc2b16babaf3629dbf602,548,7
0x76181f4750937572f9ef69c9e5a2efa763448926,696,6
0x3d8e7f59461ae3b931fe85fb8e62678675d9dad1,935,7
0x6dab0b57d59a6c307f9d2b4506576c31bb35d267,17,10
0x41d472e744aeb002e53ba8789e9dc863bf8e5048,388,3
0x57422300f5586e02ad73ee1e2977df58d93ebe94,957,5
0x766ed69b620069f56d904efbacefb1f7f8f73174,323,5
0x47394f58ca097f6be208a78c9e62d6ba99e2228d,43,10
0x70fe51447cd74c81fac25546af1dceb9f2599dae,3,2
0xfdb0f06ef100e13722ce928ce2bd91cbc54a2e92,233,10
0xe173c4e6c07ebc034e4da09016fb34e2ee4a6f15,394,6
0x02f2caabbfac67f31bbc0e7e8241097478d3ed89,316,4
0x7070fd055754f8c26eda6e60f1b026ee98217fc3,843,3
0x3eacc9abca8b0dba224e1dc9f7a55b0f55eb33b3,760,8
0x6fc5a180fd1a5c401e7181521e09a3fa6bc6824f,801,10
0x634b2b62953668457b848f071c90e9f42854b1c1,881,4
0xe69ba26fe923eb0c996e29f2bf6083ca3d1f7b33,389,2
0xbe6842b78af39830cf917688b14a23694a2cfb0b,512,4
0x594c76cc1b87bac165fea15e8b64e91d4dfec91c,880,8
0x02fba8204739a20094d6472e9cf4013da0399337,205,2
0x1cd47ce82b346f84c400f8f1d045501a1f2b0e98,121,2
0xd12d6e4900dc81fc7e483d53ad47cf860170e0dc,38,3
0xf1a9670579b8826471dd78b075d5cd69b985fb63,107,3
0x8f2387e1252a02c049c703ccc2c56596b39d05b0,118,8
0x1f37f5f5d061545c0317af1d08ab8a189ea3cc05,219,1
0x48a92ddb729c396e720b017387c645294ea68719,433,7
0x88f7bb8470b16e7a46dd426b3c7bc39f81896edf,554,5
0x409aec037125c546264c769836149e4c4c309884,572,10
0x1222a33677a7d5197cdccbf63ecf7da964d96ba6,373,4
0xd9e66b6d2bb86258f4fbe88c26dcdff97992fab5,677,9
0x19719eb5e9120ba820b0c18ce98342c389fdb1e4,219,9
0x9f3b19b7af121df8c7268bd8859adb1b05b1182b,995,7
0xd51ef27446ce8f5caba5c925f556e7c89cb80755,757,6
0x6ad0ab129b36cacc06f0441e7bc9293ceb09b093,323,5
0x69313133f637403b11c79fe1b038c1f69876816a,599,7
0x8c5c5db8d98d03fa50f0b91e17aedee973a67c50,288,2
0x6a218943b8d050aa6d51f786dc8a59236bbd1cd1,232,2
0xb4253b7976ad4cc109794662648676f5c93f5066,48,9
0xc5aced13d048fa3aa17fbaa1f35205c830e3fc1e,737,6
0x31d3d5de7b8addfd8fd74d7bd37c1f00e4c68be4,906,7
0xf4af79410143cb95fb88c9a79a976ae745fb9a10,608,8
0xcbf5ad5a7f9a9b7b226af291c291ff72fe7c7180,807,3
0xc28f43dcb6412a8b0eebbab1e2a375ed2324a47c,802,9
0x7fdcdfccb5f666e3e472d45d1f1cbea6a60dff61,477,9
0xe7e73760fff77a54d101e6634b00d358ae70038d,607,3
0x5382b25fa5987f4c265c21a58968f9bdd507d9e0,701,7
0x2a395abddf8775fdfc01ae28014cc29815055b00,801,10
0xf842677f5759906e4a2d7f48948faa477757360b,995,6
0x497afc6d694e35b9d671e24ad5b2733c9d472181,823,10
0x82b18c23d4a591fba3cf4366d67dff6a8eabd2cc,112,2
0x2d21b49f7e2fe9752ff0e1e079e22fe5fe6e16d0,536,3
0x4d1e26c22ed607b64d581ac2c02f311836021a18,183,5
0x4556f6257787029414293bc8eed4a555e620c30a,45,9
0x38ee24e5cb7d4256cca926859e132d454bc5c41f,743,3
0x0a69d49fd3749b9e6136349779aa24b6dfd21bc4,432,1
0x20aa6f19253f6336e35f2bc8d37aedfdbb4e5f27,276,7
0x61cdf955f3f1bef2a20d210dc1cc975cc4d3c346,477,10
0xdc6848979afd633a1f45436219d7fdf13f334c7e,864,7
0xaf37ecfccfd2307993127e9c504f031b60b3e657,564,7
0x8587d8f79da01bc37fa87c88c78569012e16406d,283,9
0xefece810a92b2fc1f5232ff9cdb0f527d6425cd8,624,3
0x48d95f10a1a90031d42b77e267f2834774caf528,634,4
0xdd139627515765654c104f22b1e848a75c905fa2,175,5
0x1363ddca1a1418aa72cc94a921f78621381e9aa0,8,4
0xd880cb74bfa2b723daba9a653b05afbd7ff98fa2,291,9
0x0bf29b4dcfdc23f19936fc4450b125ca0cd8d0ff,801,1
0xfba6da8263474b8f13a14a2897451068c4b3590b,250,9
0xb99011cca6e6dfaca4048d1df4c6f7fda3ae526e,495,2
0x293aa3724be2315a47993808e36a7b85eb28c2f1,232,8
0x0557a2f3ccf54eec2fb57f81e25488dd48d07e0a,394,4
0xf382360cf62f6abfa1716f35e9f098a857721d9a,345,8
0x830cc31d15612263b1525c55ba58521a1d9c8296,915,6
0x9deed8cc1217450b490061b001b8ea7e2a2f991b,511,7
0x7342ca17ec50111732a696f12baca725d3508205,831,3
0x96a16bd4610160ea8c5130ef5594c0033650a698,443,4
0x48d3c1639e376913aa280868ae3bc7be933735e9,600,10
0xf6f11e66887e9ffdba224e2c3475c2b7b25219ec,359,5
0xe0749677aae22186789f752db57d40cc5320ed9d,923,2
0x71edcf310a9c9311f842b720d056dac637546218,500,7
0x941b6f4732919fabf636b2c201eed13c5ef4bfe2,929,4
0x15ebf7e44a71c80a763eb352acc1d155fa177dfc,955,2
0x388b7fc9261abc95c80bc23bc234cfc38ede2f66,181,9
0x2001595c937bc143d47f4979303f84c8455128c0,953,9
0x228cbc74ac0a38794d6e6a71243c26720084ed31,893,9
0x4b7263e0eacc41bce3e45dfea93f21595f03dbc7,77,4
0x07576be64d14898550d8c142c30df4fb83456177,263,10
0x6ac6368e7408307bb9d500209d82be8d081874e4,148,9
0x3e1e69c136085652219c0bdae3e22936918e7241,434,2
0xe1da38b43b37b2c44c3ee20927705f05853d1a4f,114,5
0x87bc7a254beecf3b6dbdb65fd06b47d06967e469,918,4
0x582f5c2ad9a5334e0e56bc0deb8da24114cd50bb,329,1
0xbab1a4d618576d7b7dc61fdb55ba93eaf310f468,798,6
0xba37718c54f04f5dad820cf35fa107386eeff921,754,2
0x0bae4edab0b169bf982bd61634b63be8ec2cc6fd,395,8
0x5688ec9f48d2c7d0f0dc33af44a4aab5520bda18,223,2
0x8e60d7f24741b27a4b29c2e8246d66ebe5e079f7,191,6
0xf677b271b8aaebe3d839a44c1cc8856161a7bc27,981,8
0xf8d7dbc5da9a8e3ddead39f840e1e36a8ad5af63,924,1
0x14a22253b2fa63540feb04430710246cc2db24ec,780,1
0x21a894d8cb229a4ea0e1d4d7b11905297400c697,450,3
0x81f26d956be9c9e69c6794ffc14e6c4c204100a4,670,6
0x697261cd793a43270a379911e05102247a1f8a85,874,4
0x4b4c3b9093944ccd0c8fa4ce70b97af8471c1701,411,8
0x8ebaee197109af71feaf735be8f9f17bd1329b28,103,10
0x70bdde2f90c3e617172e3f2c638d923015a9f103,479,8
0x963cba631fe2590a987b6b35e2cd4b35e6e1f59f,347,5
0xcb09dcfe9ea56186139237d217cb38f96ef1d4d6,624,2
0x1c6f9408cdfd6663857fdd5a2415bef04f37a24e,865,6
0xec9e9a4d16747864b8cd4cd3b15075b318ffdf30,809,5
0x5276911a7408b47c8056cf27f6568e0fb5b96e1e,840,9
0x5557d725bff9eed2c488971829007b557f8bf66b,648,6
0xfcad7d499eb0d086f18acbaa5b35792e5fba40b4,245,4
0x5801ffbb0756e92156323cd137d1c0c2cdbc6eb3,37,8
0x6c628a154caa954679499413e538632537081a4a,309,5
0x392f8558f40dd31bf67c010c31e3bed29e7a293d,668,8
0xe53c02d89f035cea76b055521c6194e02a827eed,833,8
0x27285dc931a91785fb5c17a19b1fb6ed6858f321,831,2
0xca23b8790d779c8fe6b228e1f56e73714ea9541a,225,5
0x887b2a0cdfd6cbcf8d74cb4fc3c288f8e9cfee2d,165,5
0x634b9ab57d1b3fb2ac2c7a6bcdfafe27c6e7846b,971,7
0xd5fc32a3db865266a8c6565d200d345ddd564092,569,6
0x53c747bcfa984d51f6c9c3975d5ed79162125e7d,657,6
0x07d292cab0f83def4180a0875391d779ec369235,486,5
0x61cd2df9b925da4ae0438ada09c52d549b753c9b,126,9
0xbf1fb283538699337bd0af420f87f6d427b87714,339,10
0xbaca1553adca192b1ecd96da4f626997180636a4,673,5
0x5fc67ace6fe8119e082941b1a281a9407b0e8f6c,101,3
0x6e89ad40898e3cebe078bfe493b5b701e2d4c7dc,94,2
0xe409de704282f98a6ac6ffa0075e679c7a7557a8,682,2
0x2d893d8265f78cc767748954a0ef74df81bc3932,91,5
0x9033595dd01695ada15047db1d28215bbbeeb80e,634,1
0xd66db5436d6e3e3701d84fdb7aa9f541e77ddebb,534,3
0xa5e618012d969b1bc8eeae0b2471e74b12bda6d1,203,7
0x55a1eabd162f7c91f2aaa36c60f37105ccfeebbf,742,2
0x132bab153d583bb4295888e75826c49e03f5386f,451,2
0xe012eb4f95c3938f4331ef5683c67d24dfe69ec5,755,10
0xa86afdbbc82307e180d1b47ee6e5a9ccfe39eeec,811,9
0x30e4d93f5d5905f77d087420269cf4b458896c29,886,5
0x2284964ef8c3e84265094f7164dcd9aeba7fe7e6,264,2
0x4d1a2715b683185b211cc036c20481bdb7e79646,28,7
0x48c8a13e9d43839a9594c925bafa60a971474cf5,947,5
0x2f96926814be430a61046bb855e705a5ee6ef146,785,8
0xea5c858fbadfd757108a437231b3749bddcb37a0,511,10
0x008c972db15388bbb2e475ea2bbd6c8985accf07,732,4
0x32aa48e0bc908427647afe236905064f6cfd9e89,57,6
0x450b31621f1ebf94af224f3e7d86d9649eb1be17,235,7
0x14a55f6b4f8ef6bf2cbcbd22f50e06380bf68125,748,8
0xeebe45d54e2f9d82f879271a3fb7029879c6d272,651,8
0x8ed071c008470026942b629abf2c983682b380cd,308,10
0xf21afe09eb45d3590d1ee2fdba3bb5da31b6b4f2,237,3
0xbf3b9fc05cdc9c532594a2187b3108d50a15801c,673,2
0x1bae66afeaea46ea5dd59f96bc0f6339d1d5fd9c,376,8
0xb63a30346601643d1d03ec941d962c718df5f26d,229,3
0xd220e31eb5b532a8a6901df9153c3307374474de,955,1
0x4bcbfcef6f4430c42d5dd1ffc535892c89e946d5,482,5
0x2995d224a40255675894fd575fea5412d0c0ed82,458,1
0xe1358fbdb6c528b748af6f244f32cf5922edf2bd,460,7
0xeca31324de3b6757b963f1794395c548fe72e828,802,2
0x080e903a8adf27b3450f4a5709136cee7afa29b1,924,1
0xef8f9295b7aed67ca26c4535f75343ab1bb5dee4,197,1
0xce314ad6fea2ffc933007b1effe04ac6db9b900d,770,5
0xedc1c93d826c80f5c220238c4a095ac55a1bb3e1,731,3
0xd8c9bb12dfce3ebc0358f9aeb59ce557a2a41578,948,8
0xfca134c07038748fdc8646b100f1a5ad7b6227d1,750,8
0x25504da91f184eac42921b4daceb134b8c6692ec,961,3
0xb81896a71c8485dc2132a619d4055b481064157a,501,9
0xc0c312c6bdf675ccbdcd51450556ae5ebfa536da,885,7
0xd478331e4110ccb6b7baa646726cb25124fe5faa,453,2
0x9ea1d44a2f2155be941636071221d3669e801255,811,5
0x52f66d1abb026f0c7bc4adc5e13093c123a4892a,434,5
0xa0516ed160d30b2d31537725e949d5ad17dba605,421,4
0x77e36105904eaf17e2a130bf7453e4d698d0e672,82,4
0xaa286c6f0428ec76bf5c0b4069cefc1b01362245,272,2
0x7d916e5f2efb614fc5f3dacb7bc0d0663d388539,585,2
0x0cbdecab1ce6bda04b33beab652de8f988089056,673,4
0x3d1285968442dc06da5004c8650737b15031b632,869,1
0x2cc27d1e3e82e934beff156cc7ce17ebbde76c6e,782,3
0x1806fafefff364d05084b7f53faa24462bfc5f09,619,5
0x85a4f8c7604b56769adc54f787cd5d57307a0fc2,343,6
0x36850a89ef1b41d94616f72dc27f196cdd113f9f,196,5
0x6e176e78f92bcd66aa0d7d3125c3e7d9ee03021b,39,6
0x05d5ac7700abbafe4176810bc69af4656c52ddb5,389,2
0xf5b7a6741eac91c65a5240cf1e3b67cfb7990f5a,985,8
0x2f69f4cd97fe8c42a0f76a0924d83d2c80b8f2dc,964,2
0x993c412a3ef0e2549fb86dd790e1faae1ea40c3c,301,8
0xd5f283d047ff090a46ed8dc08f5edc23546c143e,830,9
0x6864b7907f3c753d2b4ed0ce583831a3b691485e,83,6