address,tokenId,amount
0x2D5f8CF3B35276190Cd421Bf038C96Fdfa5Cf780,1,8
0x1D77625cbEFcE803A0EB8d0cff077b505384dd72,2,8
0xdB75fD8a3631b3E6869Cdf38a49a9c51707ce304,3,9
0xd3EBD9F2cA9B8f0059Ae1F4AAcC3A55900108556,4,9
0x676131ce3a9c071D5ADDFD764E74D66337eABb99,5,10
0xe860bBC3CC41d75AC096257Ac05ddF4070dd9C60,6,5
0xF363360c81254676a3209b2af22C84c9488ce6Cd,7,6
0xE87eBB7f6145A6a2aceBf392b76eD2fCd7fA7690,8,6
0xB129650B452d726BF001FbaAC1fb590E8c1ABD0c,9,10
0xbeD799C667b8bB0f1dc8EeCeA12a5BEa3d8CE748,10,7
0xfb0a9780680AdAdFfD6506a2560c3C7E0f95997d,11,5
0x3D64A985a5fF224a26b2394c2f456C70dC42a0f3,12,3
0x08dEb0fD6Cd81075e51e7bE0cFD0C41B74c2429A,13,8
0x0C337AB10c568FD91277D7845094398E0cb3036a,14,3
0xc0650d21405549f52E0193139d8f13e2CB64b28e,15,3
0xAbb79CA8b3496D1eA915d825251b05f6774e2bb2,16,4
0x9FA0557a76c50fa59B0d8ae1d36f3d8a8C877d68,17,9
0x066805b3777C14FADB074CEc6D95562ac55da09B,18,1
0x61e93fF2eC63C7403A14BD0A274BCf04da21940e,19,8
0xe1505cB1f825704bF67C7353361A7B8e99447EE7,20,4
0x6b034B654965b2D7D066E6f8d67459a8cc20DF6B,21,2
0xebfc07a33698a19449ef42B42193523B975df889,22,7
0xD39e66dd1648B1045489222174231ecD5525770e,23,9
0xCC4E1d0DBaC95ad93eE46C787187b633eAE1cD76,24,8
0xa0A1A82243CB5b1c0fB8cdB6339e084b73f9D6A7,25,3
0x45d16B534e7abde0dD21526124eb1C37E1F7A38A,26,5
0x2A71B69092bEE4bDD7B24E2aE84Af917C95257b0,27,5
0x6Da3D606Dd1CB8f4e91b3298688A0dF8AF318b7e,28,5
0xbC4d55572a0d14e54dD55B30942fEBBE0739B681,29,9
0x48e89e7176131D6bE0ceb6F0E614B1beD13876c1,30,1
0x8eFFea65D8CB0a2748416e83b9bb1D00090908B8,31,4
0x426ddA5816dB488892dc119c72c22f8C1108D7bE,32,4
0x8e27d849A0Cc2a6662bBcE2f812442e97fd6CC5C,33,5
0xCe9D7B1F70961447Db17d6aff1cd3d30d5F5f327,34,2
0x128A111Ee29B4fc769989d09209dabC57F4275c9,35,9
0x7c5f4DE21635026ec1a088D898a709FF6aB61087,36,9
0xfA57AbAa22F37B67330fB62D73A8C7A181D468F0,37,8
0x50340B3037607feC35C1aB4134c728509055Bb52,38,5
0xf5aeeC3B13DBE32A7FbAE5ed15f5E062B72b518B,39,1
0x7e51e7cfE7E9B6452F66ebFd759D34F76892a612,40,10
0xEda9fa1E5CED3aA2Cb9fCF58a26C2D45d7F70A3f,41,7
0x95f33Ff64a5261334d0dffe363d0cb3C2cAFE39D,42,4
0x945D77ecE19a19F88537d642C31ab234Bf7dD056,43,6
0x4C4741280420fbE59D88cc01Bf056F92839851D7,44,5
0x769F108822EfDF20A1bf934b3bb7C5148580588F,45,3
0xFfAF08c356c93C828Efa52D1F8d7aEEB0246b342,46,10
0x53A448dA51Cba1f83F3C3D380079e87AF3B1e824,47,5
0x06324A97d02168B1868ba76a99E1DdC71C5a3102,48,6
0x5518D8e45CE90e0e28801b28c30508a2dBE76977,49,7
0x04Fe3B9E64105A37E94A76485E99d3B0961F8c1E,50,7
0xfF2744d69Bb62EeEa5D9aF3bE503f93A03bF54A9,51,3
0xc35C687ED167920E6b4422D454df664c4d4dD92c,52,3
0xa16A1A757C84Aa71De32f5C778AaBbB748a31f31,53,8
0xEFF8C19AA372491a3B0Cd98F37d91dB755b136ab,54,8
0xbf79E51b4f5B9D7F05efCD9F2Ec9316caE9341fd,55,9
0xe5A57B80409d4471b7A5654766a9D36e70e6E63D,56,5
0xCcbb0744EaD53B8d80cF151895E717EB12451Db5,57,4
0xE3111d3adc452734C91D4Bc46940E2C9A2db2C39,58,7
0xC13cc4846a53a47910cFc77d9D389F1eeE131666,59,7
0xB2518437e759D65a80936311B47d99f7118eD4Af,60,9
0x26Cd5AcDe03322FaAca57E6355B79f5bBb31E244,61,6
0x249f38Fc1F51729f60e9Dccb034A2788453C6e61,62,4
0xb01fda568C8E06899E35d1492BF10538e4d0f820,63,5
0x4e0Fc14985a928B7a7E0A2d186122AE8e5A83bf9,64,6
0x83348F3C8E8D0248fEE5070BD7BF8fa02E093316,65,3
0xaEC113551e5C66a4372573B4a11a873c3850beFc,66,10
0xBA583b4c07A2b05EF7EA7Fce3CF400ccadDB8ed3,67,5
0x06f394115b0F5BD7Ee25a44EEbd9E5aB416FaEb2,68,8
0xe69E2056146239EAE2E8Bd084dF79f33D8d1Be7b,69,10
0x78271dbAc1f189241E254453589e1CD4718068Dd,70,7
0x764E6Bf8Faf3ca5F73d47c9d027675984420FD8E,71,5
0xeaB6D92DFd9fEE0820Ed93782954a5D6e996a178,72,10
0x3658A750944E15927a799649eaF6aD3249A07A5b,73,3
0x4982A73607aDD74FfCC57fcb5A65D4279f900653,74,1
0x14516E0C9017F21Fc5eAA25448DC98C7528dd3B2,75,3
0x45943992058B91836A82A3C6C5810B8E41Eaa073,76,3
0x9CdF1B13A0054240c541357885c00ecf9CE9774b,77,8
0x65881148f4AE40932C91feF0529abCb475f2bC68,78,1
0x758aA22660746bEC6465A2E38ed4a18E3b01B815,79,3
0xD59482d24C8aBE474823A02CF82970b9fE246C9d,80,4
0xAb0E2B90C2546D36E0833d5e05fA0482A885aA1B,81,2
0x06E397cb7f9A2cc0B399F8b5077a17E31501750a,82,2
0x08d21067f54E9d9e07B88C32eDd2B8FE80A7BEbA,83,7
0xEb09A80aBE8a09d652ACA4fb7a8BccB41bD37881,84,7
0xdB16f233C5C4A133D585D9d7791c1053E3816554,85,6
0x1d19817b0BaD988930D561b86e749F41B60C35bb,86,5
0x9E70Ba05CCB868610208b69a403bD1fd59e6f68e,87,6
0x5ea9085aB5B427B58bEf53852e15Dc48280DC189,88,10
0xd56a1359dEc4C7596c5d2bd9455F13087Fb0320e,89,9
0x63C8810Cd65f21A0fc07A8473813e4fF6e384c80,90,4
0x8a9A61037CD1929aDC7E0bC19e935Cdfd0A91Dff,91,3
0x09f32e3122c72f5cd5A7015a1789B22D8C6DA6FD,92,1
0xe4ADF48aDa2982281EC10379770657650009f489,93,3
0x1f325FB47cb6B621eCeb02a0FA8FEd1452505980,94,6
0x7DC41B994cCFf05981810CD96512b70D0cFb3493,95,6
0x9eDeeC5fE77d39140062726473f13fcD0b116859,96,5
0xD20540e17C2d2DD70b52f2fAa787C76D343A6003,97,1
0xb39fF971D68d6494671ad7c61874DBB68096e5ae,98,2
0x54616dcC0880e7AB4A7D012e4Fb079Be87A0c4cd,99,8
0x209209F7923ACfBE3FBD6866e7C3afB888da5BB6,100,6
0xFb86EA86f5022554C16061Fc588AC8896ca49011,101,9
0x44271eDD802E8e56C8ff6F143e3A89666D5e64AF,102,4
0xa4e02a5C8a71ab2e7bE83f9a1e7AE2ccBdd7027D,103,6
0x7b6Ef9bD79031F2FEDB2D6D963f7E9D6986b4bfA,104,3
0xEDceadC3826049A499a53Dc17F489C95e10622dC,105,6
0xa3140391D0d04E52169af5209198721657aD19fE,106,2
0x7Acf0574B2ec909a5De40c6c0F9C27bA3CeEa02e,107,1
0x0e257FeC3a033A980afF23Cedaf38ABefF7CAcCa,108,5
0x91EED67Be21EAB5050E7985797639016465d245e,109,6
0x8ddB3b6d0EDF78535dc4aEC42451D44E7E30CD40,110,7
0x92d7c9a069b27c17b82e69E06B0BFeB1871a4992,111,8
0x4e8a73C6904389D1e641aCA3CeF7D3C04456476f,112,6
0x61c0DB5fb7Bcd195C7A41A665713d8e58D15f559,113,8
0x6cEcB0a834459ff888666f7F444A312d04D967c0,114,1
0x26f094a33CA46698C6fe5AdFAaF8FFc262C1eE6c,115,5
0x79aF21c35bFA19f99Be86F34Ea790263dC7f074B,116,2
0xfaEF7fB71050A5166C078191217891FC9627100c,117,1
0xF82051EA0B97783C3a8A1dDC166715985B2a5A1b,118,2
0x9c53A4F7E1e3284B47EaDe493AE8C1E223d6fa85,119,10
0x148B99F1bd3c2d045279d7E0018019529D813dD8,120,10
0xF5E533793E43c8edb46100cc97eE811c6BAa8D21,121,3
0xCE4A527F730BE6878DCFF80f8Dcd9779022C9505,122,5
0xD1bF3Eb7af07BA2D44348183d76CBa870723df3C,123,10
0x12eC21832Cf1256bf96fd304919F1920D86C4a66,124,1
0xBd08425F5887CBaaFEBB8b4dF4eb780cab1900e8,125,1
0xD175fe5c217a7c0C6abE738CAaC151240114C2ab,126,10
0xd01Cc76A553369453E45FB2071D44698bbDE473c,127,1
0x86BdDC28D28607Cf5b7f3624af5042bDC2880504,128,5
0x30dfd07cEa40feFE04d811Fa9D86BeD6c081E947,129,2
0x38F48Bbb33dE90DE83E081597494cA8b7f2a9636,130,1
0xa76Bc9dbd0b26c9092D64ee3FC9B998CF17966db,131,8
0x4aAf7796caFc4Ff1d13a478B8D41C3af67Af1ba2,132,4
0x20CeAB51d59D7E9dE3907A69e5E2cb7691aBb809,133,9
0x196c545D629333B93F9C5e1D4C6615684e142137,134,8
0x3d96AcA1E42FE36eF42EEF1Ef821189CC17F46d9,135,2
0x695cEFc2a125D6e8Fb992a343f5a523A1cbE2F7F,136,5
0xF5BD24e437E1DE1D3ae3165Ec9dDD921ab1F1492,137,7
0xd92808D35299626863d4Bc13F249757097581351,138,4
0x275398CcFe5bB5E8040dcD9b22A0Fe82Ba308857,139,6
0xF9B3B765DabD19Ac5EFaF9080689BbbbB3fEA889,140,6
0x0AaF913C39e274089AeEcd2c25C80725319EFCe4,141,8
0x67A3d6Bd3785513dEe53936DDaE6F87C99A4d79a,142,6
0xF7379FCb138D90dD9F555BED24524B0D9b40Af78,143,3
0x75960EbcE81592164c7DC08e6f43A0ae96e71Db7,144,6
0x59539D62b2B9b449a634CD5Be358DCE8fC6f63C0,145,3
0x6c820C14b047C8074B6e6A0460f8F09193bE1E3f,146,2
0x42C3d7bA0647AABcb8ee05141952047740F009DD,147,6
0x05BfB2a6e8A9125c7B59Ad8C1EAee42bFBAdb0Fd,148,2
0x78d60e1f259A4135f63fE16317D8d108CcE0EeC0,149,6
0x67A373Ce7845aF043070dAbc7f2E39ad347B6e2C,150,1
0x7F182D17DB72525D67FaECe7337B4935E204d875,151,3
0xd6b4756199B46C2e94E6c43fc6A39e446141008d,152,2
0xB339376a03F962F40eac006581941693704b9efD,153,9
0x04321A38EA2BAe9773e4344F2Be19d9b76fD4d45,154,8
0x17FA0d94C7e3FD1d17B766A8113f35e00B6F6912,155,6
0x573D3eD2F83f9A2164F8CD2593a1D3e58a42C0f0,156,3
0x0970bd2606B4fae275C80f66be235701d602Be3b,157,6
0x144d309C0DA5430B6d8FF6283B6dbFEa304f6C1b,158,2
0x058e2eEF83563B67456E2646E4fBf270f024660D,159,1
0x23FD19E614e9522A8Bb2D64082d8fCe152C4AaaB,160,1
0x5787ddA9d21Cfa0ba85ce9964Dd9C29EEE7E7265,161,8
0x9deA83269214b12Aa4CA7f1486e9522289e0b777,162,2
0xC6BbbE18acF6E40010587733FdA91f0362C03BAA,163,7
0x19A234bf33C81ffDA1454D6dD32Ef992fE5F19fE,164,3
0x1adEfcBFB6E72d2310aEC68C2e7f6223b8890f5a,165,2
0x0b367D2c9445d85a8502606dFef6608c45D9F2c5,166,1
0x1e0bc3A393023E99b1b9F190D966f062165db85D,167,1
0x7edB09E5D8cba722c2DB7E29c07Ee0c7fC3a0613,168,1
0x40119E1Ec9eDb2e1FE0B2A7FADF086BFfF001BfE,169,2
0x9C7d14397593D3F2C1187dA643eFA92FEdd2e0f2,170,7
0x2a990D165961029474fF27E2e8264Ce5Bb500B3A,171,7
0x5A0A8d407802717C127c89425f865718a08e563C,172,10
0x978415F9a1b24D4Dc1B3d6FB35eF16DF2a6Feb22,173,9
0x9171e9CdB1a1491EcF11b26479A3C60749Ae0C7F,174,3
0x72f3342E41C25565d04D5E9fC08E195F27221886,175,4
0xeE5288BfCDdb35AD74309ba2E0183c0E815D6203,176,2
0xaC5311412807a4929Ec20B1f11f5e0FE22bd7F94,177,9
0x04A0b5232191928bB7f09d3988669fb2f2CeB8D1,178,4
0x6d7399922108b2cFC6f2FF28a9F54417ad7ec4FD,179,7
0x7FA15886c59dF8747f3B72d557416d02cE914277,180,5
0x03d0E7192504A8D6394758055a5f2367e2550aE2,181,6
0x5e5DBF19cb6b1A93B33286a70e0d02E2F1feaE30,182,8
0x3D96a86a91a441493e991eE809E28C713625C7C9,183,7
0xf6Aab4f4eC0C533d30eEA0da712034BB77c04f9F,184,1
0xA4A769f4684073B71437AA0aC50cf1a26f56f644,185,5
0xE6c71433C9f184A7C3236dD3Da675277AcC0Ec27,186,9
0x4f57fE07D60ea40F3555FeC0B87F106F8eC04ADC,187,6
0x673F6ea14aC68a378E236e9927416264FfB63b43,188,10
0x5c11B1a07C99ae9ec8d1Af70722249B1515D1bab,189,7
0x304e91cAD2c8f8C66E1fccB6A8D949e28775c43a,190,1
0x827ff93e86230EB92E72aD25175230FdC4577475,191,2
0x3a8F93c1C4b85A1DD82474470dBE36F68Dcc1eb7,192,4
0xcdBc6F9ab280939B2495b8d04d0cAfBAeF5a09c7,193,9
0x2875c21F4a87eA6A8C0F1641a8B7981EBa0721c1,194,9
0xc4084eB1e231d98f3e815878Aa72403DDcE6d5d2,195,9
0x5e45F89DDeDB8C170897Ed7e3846D615B51b46cb,196,9
0xe6FB7cd496F421096A4C94D5490C5be06532783F,197,4
0x93Ed1A4bF0936041507D040dFaDb0B8EE4946862,198,1
0x740796c12311f60ab08FF9B9C0AAd7F415AB8Bce,199,8
0xe0c97b534455e52666b1a023529d2dC4D4d15dD7,200,2
0xBDD1416185aE52131f821A94efa923c00f7D2AB3,201,8
0xD09C8472255e64F2b744f743E32A3aFDC229941C,202,4
0x61855C2E0B938a94B3b437d0c882dC3FE3ad5246,203,2
0x6ded1DeBcd0897B4D04a4bA5acF3943704600369,204,8
0x6B565ef69CaEFAE4db1dCf1E6c2B46dDB698Fe5C,205,9
0x79F47140c698B80dbD366a8882883D164Bdd4A65,206,9
0xc7e908139564c28093F658e5C58C262cad9c0cFA,207,6
0xB46fdE9bf5629300045F18aF37f1e74b5Ae5bB38,208,4
0x8019a437fc80a185f4Fa46FF24d482B8A2999d2d,209,6
0x40ACE42A0747e1f843713557612abE917630f6D8,210,2
0x1DB8e54ba5790577140363CFc99517174e188326,211,10
0xEc461Cbb63A7764D2eF79d8402b30350B35dFeb8,212,10
0x5001C792D6A2811420cfB77a3aa70263d2908a5c,213,2
0xcD41822bB121B2a1A8A2d1Ba48aBA3dFCb6D7d6e,214,7
0x1A22f16fA53f10611f1456F34840FD80a57118Cd,215,4
0xe6E2512eEA9cA573229f4134D2Cb6d74AcC938a2,216,6
0x65E23B81ac89dc466FE27e5fBBf7DFec5C439B94,217,4
0x08F814AB63Aa57eb285f46E12085382374A78C42,218,6
0x84E7C6a75CE51e7B90001f2D593B5cE42e93A6a7,219,3
0x501C335477cd9786e95D9EfBa98a6a53d7581586,220,7
0x92191C5E2BD293Ae5bFB9310322b3473747af31C,221,3
0xFc57C8A618716045195E1321C392495F894E0934,222,8
0x29860563241972034511144E30e205817646BDDB,223,10
0xD25E16e4B8454804BC09c25ccE565c89e6FDc54A,224,3
0x07D8f3A723d2515eEacA4D252D229D26Da838AC8,225,10
0xf933073f2c489Ab02d94A0D9efdF9741C34caFb9,226,7
0x3A68CbDa932fa90027EBF2F62283f8b3e934B041,227,2
0x2c69D1E7DDe5046a8666511fd9D93BE15C8348C8,228,10
0x3148317A72768146F1028deb7A814168F4519d79,229,9
0xDaB1BC1F8378b1e74F5f50A5ed15Bc310ad786B3,230,4
0x6DcC3beF67183a08fabE265f39c939582D2F93D5,231,10
0x7c735d8bE97952919Ad64cCD0f3Ff3bb12941aaE,232,7
0x27a49038115970c891c27F5885AE076F9F15280d,233,5
0x0A819BDA82b4a81081E347a859AFb6418647bE62,234,9
0x87e2a7E38F402038Ff8B76af54A286F6045AA9Fb,235,1
0xb21Ba8E8954F2Fe8831ffA3eBE4287E169abeb50,236,9
0xcAce049E594c990B039a261df9Fa9F36CC662BAa,237,9
0x3dd2eC8A0EcE8e5a4F1b8D147820C82C5b21284e,238,6
0xaf48146f11A40F47966B02cFc9bC82069ae63f07,239,1
0xf4437B763a95a114cc889F40EcE93CfDcc7d2D33,240,4
0xBF2FFfD695ADc7ac8D4bA0F55551D0f80394C25b,241,2
0xc6cC8BDd93d72ba44Fc7Ed5a2FfA990EfBd3b35D,242,8
0xBd1263a0b291529370067b907ffFb691D26e8A9f,243,7
0x8673aFC37C0DefD57EbB4dE38B2b3F3427dCDA39,244,9
0x0BD1488e0B30864A441f6Cd6dC429052F42c514a,245,4
0x1abC84FcA4A4A4DcF3262530feb650Ea3f184042,246,4
0xcEECB53385d08F5c6f6ad071491e4F516f5e73E8,247,7
0x8b08dDaE81BBabD7AFC83A00967b038486C0514A,248,3
0x949b2ADF2dd6c52B1858c06CBf9670FcF48b0c00,249,3
0x621787c2508738df997715f52D1123318D56edCe,250,8
0x520d6e0108578Cf5dC13d933c6E4302c8D3fAfC0,251,2
0x5a28df13b47A2a38Da434DF1e9D4504B949C3192,252,5
0x1dEc290CEd482116B0633672EBC7BD25848E8573,253,5
0xB40AB527A71Cb091084AD9849658C6A4EB0432FF,254,1
0xBF6d55bB2450A5A731ccb88CA60e78076cB7EE81,255,10
0x50dD31Ae54767bEB3FdEDEbF2819C39b4a704DE9,256,1
0x95a99776A167205573B1e3D14bCD50254bE5cAB6,257,6
0x5F0e18Fc22209381fB253cC280520d22b5706a28,258,2
0x119e9Bf2246098e3ea5dEfdbE603937D4756f41B,259,6
0x80b1FaC611123416E1b7AF535190b535E0d2662c,260,5
0xa6620b67cb75E6592da9DaF7acA1425a5c63a3b7,261,5
0x1d08d8e41CAce18d0ac8C12b6FD60D758695F177,262,7
0x8cbDcDAfefdD6d39dDD9E2d309b5571faF187191,263,9
0x3D8dF11d77DEb134A01347F4a683BafbC99249E6,264,7
0xf16dF9aE21f88667CF324B19e0a6e405bF325c4f,265,3
0xcBEF439B18A1FCE0744cFbd10DC28538c6Ae9A7E,266,5
0x3E301AD3A11ef33D515B641c08CaA9a58D7Ef110,267,3
0x160A053573C087E9426398b8C67f8D48B0e7Ccd2,268,7
0xaca19B2170454E6FEd1F3bde7bB9aCbbA2A044BA,269,9
0xc60e54D3E59de2f9a6b7ebF9326748783c980d23,270,9
0x1B8Aa5E634dC97eDfFF2cfCAa8fee9E2d1816E3D,271,5
0x02Cbb7787D58E332f869d15781506904A752531b,272,6
0x6114dC50a91391653dc3301879917231e5553CA6,273,7
0x2C390e5Ca29CE1D80616b74AcdA4c45DBC8E19F6,274,10
0x642c38E993a2c0cae0753769FE1f57CEF22293f4,275,7
0x8d449FAeB1E1b5317894a092a05Cf97A23734CCf,276,7
0xd86E713D3a406913aE03B57561a25755bd3A5BfE,277,8
0xfe0cEc9aDE764619550A68bBC6ddf0d0F9a71241,278,1
0x34178c998e7A8993F825dfF60b125E15cFE9B4Cd,279,7
0xc738D8A84C7b5fa7Cacc662d87d183fE098E074a,280,9
0xa2B6204F8C85eAEdd81e5F9216B5cBBbff85FC52,281,5
0x941C3782008d968ba49757cEaB856AF66690573b,282,3
0xAda3D0F881a349b9375DC04e5669C217165d7c0E,283,7
0xC9701d22F37e525eEED8e6B31420552583cf6Ee6,284,7
0x1DdeA900C617bb6B89691855e9b7e19E805F8315,285,10
0x2b8F88961303824Ed0F2EB48e01F0EBBA40D65E0,286,5
0xAC151D2082dfF26fD4b9B3bB4bB5CfD3CB83667E,287,10
0xEf5d6F34d9Be247917660ffB69e8e2F3Ef4CF945,288,4
0x37a1838BB08249E4C3502a27cebeD353FAf38A32,289,9
0x7A3e9D065316c3165092805B888Dd414FcEb2b9B,290,10
0x13A1337844142EF236BC33b096E6bD213dEc88F6,291,3
0xC1C1F5B754A0c9A971E438Bc81e316184B5FcE18,292,9
0xD912126d2C83CBfD44D6c5c668d76aF37c99c937,293,10
0x6F39A5884e22BC27415204918b9E0cef40474B5d,294,1
0xF9e62995Ca1086FEDf18F347c151aCA7E541e3E0,295,10
0x713ff6318Ab4406598E7ba4b25163EdaCdE0C5f8,296,10
0x43Cf94912ADE0E89477E992d1c2ABb21fCdC38C2,297,1
0x1a7444FC1aEcd7913d35741B539aa8b5f85495a0,298,4
0x936472E5d04c71e8E5aD0911A229fa1613979d41,299,2
0x6E0C138b343374f703d9B7365da5Bf6960AB97eF,300,4
0x41D807Cff8942D1a04949291f7BAE3c25F621f76,301,3
0x0feAe6255cf22da4922307e053D2818Af0e167Ba,302,6
0x56c783695dcCd1f26d9bdab06b2aB841905D896b,303,7
0x681208A6D6e5428B7cf164f511B520dECAEcAF7d,304,1
0x7B94d8ebc8D379454180ECfF9047e1710f58c4AA,305,8
0xf551Dd219634eA5251FC686BE0e65bd12bB13151,306,7
0xeC290F2e5B0CF5f9CAD746B801fA2832FCDf8d0F,307,9
0x75Df57CCbA425fa1b6c56B511Bdd728E9422d814,308,9
0xEC6F4024f3D48A58eaE756a0b55e9D934511A300,309,6
0xD92C24FD0c207821D1e5999FdcEb51e0e7E9dD36,310,1
0xa1506d47B799b4b8790145769B8A08c33016DdEa,311,5
0x035A8283778D9e15840042B336d06F46e35D1116,312,10
0xDA651C83be477fC6827F043b1eaE7A0AffdF3dc3,313,4
0x6Dc234AF5a192229DD48C12228Eb4260b734fCDB,314,4
0x6d403643f3bC54a3DE91201FBf727182EeC4E50E,315,8
0x1A4d97D62F3C560027b3CCC895020B31e14B3E8e,316,6
0xD60561661aD94f5AE71590ff504b9dC001e3d494,317,8
0x02792E0f5ccc9b1Bd375C8CD9936423435A007A7,318,10
0xA37bcA9065fF3A10Ef88489109A2F2a8a784fa55,319,10
0x59773B3D34b0DCb16D76a04212d7A11DF1c4b8F0,320,9
0x9a327F2c497ed2b58405C0D7c119e2Bbd4737ae9,321,8
0x07107E1E0186CABade614f4580bbAA4D20aE2Af4,322,4
0x3638Ece2CC552748932213c2D47B40Fa3327610e,323,10
0xC35E3Cc407DF21494864d789FB5AAD8e2f58dD72,324,7
0xf6b9D778c5534cc66714052237F6153aC308fd87,325,6
0x11deeabA6a4076b36BF448BD31c3fF44678E0295,326,9
0xDCA053F3bF651f796e19A1627Ea70A91E2846791,327,8
0x79cd4B4323Eb2CACf280d425601195314e95842C,328,6
0x382d2e8194C0bF1abfFB9705e730CCc9E798e300,329,5
0x5B1014Cf49bD7e1D3d63486e29240328e19577d2,330,7
0xB60dCD793f03F9edAAdE7e0Bf9647e5Ee889746A,331,3
0x8514e02E2050f4B656e590D0B55b753591C53d25,332,3
0xdcc7fB6E03f9af7Cf78f68964c4536FB24640936,333,6
0x61F7555371bDC5e33F9244628bea7f60244B2BA3,334,7
0xd1445b8Fd50f1d447E920d3E4228899a391519F7,335,3
0x9F252d9DBf3212dBDCF5aB98bED4EE8d2B8F6f58,336,5
0x12720D9F2d873016B091ccE80631825E5F112788,337,8
0x22bFc38e02d6Dcd846a1d911444E3352Bcb3909e,338,1
0x9cc9ceb38B6AE55740cb095EaCbC8bf782bBDD77,339,9
0x359Dc5b60455d05ef865a17C3ab918D87269aF5a,340,5
0xb228884dd997fFCdadc2b0f583BCCb346b675C55,341,10
0xcfED6B08e8544250bb79f3a70C9B8d26A004F4dE,342,4
0x93907F927f35F4a3DE77C233767ce0838C407b56,343,7
0x207F2F66360C813a62D4eFE1D6997A2B2b5976F5,344,10
0x38b274a4E6A02f024d6dbcd014bdB904Bb15c932,345,8
0xD131396eE1aB35f7899108D1FbA59bA8D28bE585,346,10
0x31d867175A552232156A6b5056fE941eDF8A4BDF,347,5
0x313Cd3fDc7535484d3d7997e869E1A866140BAa9,348,5
0xC2603d00611c988B1c0E826413a272405f683cF7,349,1
0x179427571F1701F10e20edaE0060a4B776B9dA91,350,2
0xe03AfC6744a048eCD02EE7f9Fc76c817492D77B6,351,10
0x8F2ac55A2b150b95D7a5C6e12ac0Cbc0ee4D2766,352,5
0x2f47a81CAF14f61Dae9373d3279909eF8cCf70CF,353,7
0x58E6b6046cCE91e664f5cAAdfAd52CD56E8c3853,354,10
0xB3cecD18A2846b210a8201F40E02B22178a86a62,355,10
0x08EA1Cf5E1D41Ed0280F4d64f42c92131DF4D5cC,356,9
0xcF34AE9e6e59fa849aC58DB7d7A4e7Bc675471DF,357,2
0x341Dca25c92375244C8Bcc15C916E3d39Ba6F61a,358,4
0x40ad2537CD297f0D503123593AA1090B35CdD595,359,1
0x9e9247AeeA1dB874106006209eB9CadE88aEeC61,360,10
0x5eC9a5adBf2Db09411E955919E46C25Cd8D4A153,361,5
0xbC91d064a0695cbb5DEab88005B1A5f98040d06F,362,8
0xD3fed708EE6E7fCc7d9234d5fED981416e5fAE22,363,8
0xb9c836E68Dc5dAa57B5917C925e654730a1cddFD,364,10
0x6F72c756A5D1497dAec467A6881bCa5863dD447c,365,3
0x3912fE01c547F407AeE016949C1E165e3a966b4A,366,5
0x6e4DD6960a4FB279D7097E35e7a02CF1D10509B3,367,9
0x8487e0DA81dc2d9A0C4D869bd492A1E0B2dB95EB,368,1
0xb1A45e050a6cA5a7525a90DB98c9b671BB27dFeA,369,2
0x64C82Ea60F8483621a2Fb3cB170D0bfC32F74f31,370,9
0xC41ddC4D0D1D90a46Ac6AF08D4B8aEcF4a869d65,371,5
0xBB4f3E73476F41982C0232C8D0482b854cA53034,372,5
0x64753cfaf4f4A2631D654Ca48cbc851a997B9897,373,4
0xc0fFca406690B7fD85516EFD887478bab8aD8849,374,4
0x2ee84a1b122AC6660519Eb6eD6d9A0cCD4c5E0d3,375,4
0x6480df9aD3e7C26f13c7405Bac12fF47eA211254,376,5
0x1DE4a6fd3B2BB94c6c10732Eb339f9AF4eD39Afd,377,4
0xfD90a813f7f78b62C8f71b7370B380ebAa2EaBe7,378,6
0xc8662B4844238993bAb04df91ceeB08b69996c31,379,5
0x759D594A2a6795c7609Ca5E1E41FC22C44EE6C5B,380,8
0xeCBeDBe78b0Dff3449F2babb831CfB52b9044211,381,5
0x55b5F2fdC686fC6562d122c6df8341DbdDF35C74,382,7
0xc55599F0352AEd5D4A1C20aE518a5D66431f6F9D,383,5
0x4d65a052cB52e490dd6b679a7EB97b4C90cd0656,384,3
0x82B06c291C344d512FFd37F231688587dE99D98E,385,1
0x1adD141944FF8abEbaa601948906794885a4c1E7,386,10
0xE2D5C3ce864A157A3E6AA8e0DE48d0780D55659e,387,2
0xEdd4d76F20FB59916808D5A4116b7c358b017694,388,9
0xa04af41a0476A159Bc95e4961C21e1C81b5c43CC,389,10
0x14fB28B03Af1b40e9bA1BE61a0d39e2F208149D4,390,6
0x23Cd9A59B7113ED280111f3E4334C95fD610681d,391,6
0x2cc306d71f7F971Fc11dE9885E3Af1465043eAA2,392,10
0x88907BC9Af797df1BCD65899746Af09297EDF375,393,9
0x00C552C8521381993930e4eaB2FA7bAB3d195fF7,394,3
0x3561D404792a13b9A0DFc71100Bf2289F8555F05,395,5
0x0F26D9048c761224397eca418E6EAd3107C39c2A,396,3
0x26DFa8517f5D88Cf70e5C46d7974D696da045f14,397,10
0x1166091A20100307ae61d2ED97a94B4B27731420,398,1
0x3d9E9Ad65DF7255d4fdf8243948aeF52463859a8,399,9
0x2d16ba07837e41415643a02f5Ec6b478D6B8a0cD,400,10
0x072f6378B294eB9cD7B06d8330723BC0BFb17290,401,2
0xc4096fbb74AAb3124483cBc9BcFBeF329893875E,402,5
0x0D50c38E13c6A62E7a1C00a723FBf70b4898b2BE,403,3
0xcf72CBD87293a4d37886F7D1bA1F4397A3d78949,404,5
0xC85e8fe55Cb4adbc056bf219Cdce5F912d9F9A09,405,2
0x00612a8Ce96b7D38614566f652Aa2179258FC83e,406,1
0xed6E0f9369d0cbF40cA7544B02A0629f0361Ae95,407,10
0x4A61c4EFe778AbEB8a561b3013eE0C5BD94326e1,408,6
0x13131224d39acdc01f2159f8355080ca3e385C74,409,5
0xFC7139055d139Cf02493717241a1a138F7080bAf,410,2
0x1C168331Ddd6AC9Cc84f57c4a8181c846C6331C5,411,9
0x3042Bed448be49BD08da8A144d23A0e0fF558f28,412,8
0x9CfB6819Bf2f71B2Fe58EF48BA160C802EE2d374,413,3
0xAb40fA42C7eB87737F1e5e588b0205dA5768D27F,414,7
0x125D455adc2C355bD50755226C2d87a3bAD97877,415,5
0xc50F87Fbf527E0845A06bb61c5c58Afa37b7ee7a,416,10
0xf08e6AaC297Aad7bBDB4BB9c4238D608a472b242,417,3
0x4045D6b5772caFA448A462D6f295659D8c10aa9c,418,1
0x829022667D2A03b318E35e86B5BA5CcDf12aB995,419,1
0x93507158D19789d573d7f8456B6f5452cfEA5AbC,420,9
0x4466B6E1D2898C32dc80E96984696803D3eDDFd4,421,8
0xE00a77ccc8934aA17fCB5d7B22FD01E7AC489B23,422,4
0x160c68F0a85DaB24E0eE56E867798413fC52b4Ac,423,5
0x29dF53aee71400239D747eD56F15E9ad5C11E38c,424,9
0x8b0aBe9e7BD7633CC03CF5a40baACCBB8BBbb1A1,425,1
0xE4C2E0e6A13f11263e430D68db0a410A63EF1cE4,426,6
0x771ef7fcDa6a86D7DDeC694B17A1bb8a2fe20c38,427,5
0x698892f7D4EB91bEDb0Ce5A76CC5fd7a93fd4957,428,6
0x330b396d0eFF0e58e48C9949f3127352a6dc8BB7,429,4
0x51AfeA23DE8274a7aD604b6fe744f1dde6Cc1B21,430,6
0xdE4980E9BB5FD8ef33498eC9Be1562f17624E073,431,5
0x16251CfD4D4Af6608F5B80E6660C38BB80c751d0,432,10
0x844A07F8B95e3D421e5447355Cc3A49A1b47497e,433,5
0x178d85b7CF553f30049A8bd7A6f0a1422275f505,434,5
0xAd29b42437a0d9F4D6038dD546ce19272Da6537E,435,9
0xd65412b2DC3C437e6AD959e677DAE296BE5766C5,436,10
0x162C13522668D896e7761c35ddF8899DFdFaC3fc,437,8
0x57d27CfCe75F67d5320F745E06117E4586a0FCD7,438,9
0x4D52bB09372CfC061758Bb45F1A8d49B1846D83C,439,1
0x80B4c161917f2324B4732240275Db57601a1bE1c,440,8
0x844251724EDED0aD8981bCbEc74155775EB9191A,441,1
0xe74c7A7e697e8c3232B2fA6358054CB02178961C,442,4
0xb60d2cFC0a783Fc01B2DB30EaA2a287720470771,443,2
0xd1BC3254e29405caA70E8e9bb5Ba7f99E2B88f6a,444,2
0xD466fD90254EE5fdB6da9B1EA49f0690C98889c3,445,5
0xaC9E2d966dB130Fe63469019a52C7aED2BaFb29e,446,8
0x733D2afa7fAc2085DBf92F515c1684b9785DDCeB,447,2
0xE4f3a68D9F7DEE304C4b06AE712Dc0eB55fc276B,448,1
0xbc1155eDb60652F88a510e4f92E7ebEe3628F453,449,4
0x99913e6919fcb7E33eE736e7f74421DF92Bd9647,450,7
0xfffEd6cc7eA982d823F65A483E57537a30B4FD5b,451,3
0x7bE9259621C25b8B0c65B71d92024e9009A51A56,452,10
0x013F04d900E384f0F38F77f170DF2dDF9565Eaa6,453,9
0xd28d84592F31e99f9299Efe548B39Bae59c1e462,454,3
0x1845337Dd0C942Fd76273CE9319F9E6AC558F3b1,455,4
0x758ACd80983f0ce8De0F21f439223c0419b7DeC4,456,5
0x58Cf593261DC1B0724aEB82B63A970a8280A183f,457,3
0xf8C0350F127299e4370cAC7E0F14cA5958FbaD83,458,5
0x11570fB2296497039E3f9f6ad5495F26803A14Ea,459,1
0x31f3d8c0bE60D194E530fFF21BD6E298A4e10766,460,8
0x1D219dc247C5ca300A8921485A644F1C3D10e482,461,6
0xfE8e4943Fe07AaA48238A6e4Fd8eEd2e5D91B7c6,462,2
0x6743dA3BcA1393BA248e6Bb6d1Ab6106FD44d3Fc,463,8
0xF1D531BaFddD2f5024557C54dFC0D4F0c4d2949E,464,6
0xbcFcE6DCF391C4e7A1D32ad366E67Affd62E147a,465,1
0xbE5333bAbe26542b274533FEbe26702d32884027,466,1
0x4b153c4767Cbf94F89B400926C388e810E6C3041,467,9
0x95504743167dB3007202683eD55c991d8cB8314a,468,8
0x4C4fa304Ce8F2fEB44C184DFb459c92313c45B05,469,6
0x13e5db4455876ae5b05Ee9E03f3fdD838a3CE1Ff,470,2
0xB6255856500033F192393f34a1c7164DA215b559,471,5
0xE97388eC80200B747E303184c3f663B352aA57A4,472,8
0x572666D834a6484F9Ea998E11746DFF604c5e3fd,473,2
0x423BF5302dF1b1FE771f2dA44831235375c6e826,474,8
0xBFB77E7f0ddb4D214E789888A09dB9d62F7f2d74,475,7
0xB9B62e2061bC25Fa2ef318152C1c992D232d87FB,476,9
0xBe873Ca88e5aF9994df2d3B821F9EB4fb0792aD1,477,10
0x11030E02Ed61AFaC993f84E5f6C2A21f201144D4,478,5
0x6f997b6592dF48DBCA34374814457cc2B85DCc03,479,6
0xd9656b3bDC29e728345056f96EF3Fb9FB756d85f,480,10
0x85b213820bADB134A9C5590f9C903300BE898eA7,481,6
0x606F91a1222044D415988A5826F3d44A3865275F,482,8
0x82a4484502BF01878A53adc931820E4A609153D6,483,10
0x778f7cC45B6Fb7c3fB9CaB6Df6978CcA42B08bC0,484,9
0x26EdF8AaC4C067757CFE4391E32a4607E9d2D7a7,485,10
0x0A7af464C928366C42B8Ee6382AB526C265C173f,486,9
0xdaf417039ee511C635D1d456404C26046eD61E41,487,4
0x2b39a7E947041AAc64b117C54152Cd7e116337Eb,488,3
0x054DF0E95b5470985cC3c8c3F8081214D39f124b,489,4
0x52b67b5B0BDBbd970f949E861C46a25aA2582e9F,490,6
0x76685Cf90EB8416a32FE89b6C442313A712ddbfa,491,4
0x23592AcbC664407494F7EB58ecCdeF9397934793,492,6
0x5DC566af1555aa85481258852160da788622A952,493,3
0x1cb079c4835A95Fa277A0EEc08709DB8C059A781,494,3
0x62f8E308a7656C4DA45632Bc3002fF14b0921d8C,495,2
0xc9278226e43396B25dE3A789e9B1E2b9729b9A59,496,6
0x39d61C3BD0F01E9591f697BFC50Cc988552E3bFF,497,9
0xb77C1d197d14C3F496a62Deb3fFeBAA153B9097B,498,1
0xa6F7d46492c7c057dAbA43957C294556AB1af4D9,499,5
0x85acbC66650CB04498D8434eB39b1Fd951063F14,500,9